[{"link": ["http://fotomen.cn/2013/02/jim/"], "title": ["Jim Kazanjian-\u795e\u79d8\u7684\u53e4\u8001\u5efa\u7b51"]},
{"link": ["http://fotomen.cn/2013/02/christopher-2/"], "title": ["Christopher Boffoli-\u5c0f\u4eba\u5e1d\u56fd"]},
{"link": ["http://fotomen.cn/2013/02/sl-3/"], "title": ["\u751f\u6d3b\u56db\u8fde\u62cd"]},
{"link": ["http://fotomen.cn/2013/02/christ/"], "title": ["Christopher Boffoli-\u7f8e\u98df\u5fae\u4e16\u754c"]},
{"link": ["http://fotomen.cn/2013/02/trevo/"], "title": ["Trevor Traynor-\u624b\u673a\u955c\u5934\u91cc\u7684\u7ebd\u7ea6\u62a5\u644a"]},
{"link": ["http://fotomen.cn/2013/02/bill-2/"], "title": ["Bill Gekas-\u6444\u5f71\u7248\u7ecf\u5178\u540d\u753b\u518d\u73b0"]},
{"link": ["http://fotomen.cn/2013/02/mtw-3/"], "title": ["\u7f8e\u56fe\u7f51\u4e3b\u9898\u6444\u5f71\u2014\u60c5\u8ff7\u591c\u8272"]},
{"link": ["http://fotomen.cn/2013/02/wish/"], "title": ["\u6c34\u91ce\u7f8e\u7d00  \u2013 Wish"]},
{"link": ["http://fotomen.cn/2013/02/xiao-cang/"], "title": ["\u5c0f\u4ed3\u4f18\u5b50\u2014\u2014\u68a6\u65e5\u8bb0"]},
{"link": ["http://fotomen.cn/2013/02/private-beach/"], "title": ["\u5931\u5439\u6625\u5948-Private Beach"]}]